City_ID,City,Lat,Lng,Max Temp,Humidity,Cloudiness,Wind Speed,Country,Date
0,albany,42.6001,-73.9662,42.51,70,95,3.0,US,1676067922
1,le port,-20.9373,55.2919,78.8,77,21,6.87,RE,1676067564
2,rundu,-17.9333,19.7667,68.34,76,47,3.47,NA,1676068088
3,castro,-24.7911,-50.0119,63.1,98,95,4.63,BR,1676068087
4,clyde river,70.4692,-68.5914,-32.57,61,0,2.3,CA,1676068088
5,jamestown,42.097,-79.2353,36.01,90,100,17.27,US,1676068089
6,butaritari,3.0707,172.7902,80.89,80,86,21.56,KI,1676068089
7,punta arenas,-53.15,-70.9167,57.31,54,75,29.93,CL,1676067566
8,narsaq,60.9167,-46.05,23.22,93,81,4.23,GL,1676068090
9,bluff,-46.6,168.3333,62.8,69,49,2.8,NZ,1676068091
10,do gonbadan,30.3586,50.7981,35.69,87,0,0.0,IR,1676068091
11,hermanus,-34.4187,19.2345,70.81,74,0,10.71,ZA,1676068092
12,ushuaia,-54.8,-68.3,53.26,82,75,4.61,AR,1676068038
13,boyolangu,-8.1181,111.8935,74.5,93,100,6.49,ID,1676068092
14,kapaa,22.0752,-159.319,79.12,73,40,17.27,US,1676067895
15,esmeralda,21.8525,-78.1169,81.19,58,0,14.83,CU,1676068093
16,isla vista,34.4133,-119.861,75.31,28,0,9.22,US,1676068094
17,pangnirtung,66.1451,-65.7125,-34.6,74,20,0.0,CA,1676068094
18,tuktoyaktuk,69.4541,-133.0374,-20.2,76,100,18.41,CA,1676068095
19,rikitea,-23.1203,-134.9692,79.27,77,7,18.52,PF,1676068095
20,beringovskiy,63.05,179.3167,-23.31,94,52,10.98,RU,1676068096
21,busselton,-33.65,115.3333,55.0,82,0,8.75,AU,1676068097
22,saint-pierre,-21.3393,55.4781,78.48,65,100,4.61,RE,1676068097
23,tuy hoa,13.0833,109.3,70.59,93,14,2.44,VN,1676068014
24,alihe,50.5667,123.7167,0.43,99,100,1.14,CN,1676068098
25,kaitangata,-46.2817,169.8464,60.48,62,21,5.97,NZ,1676068098
26,bone,51.9669,12.1396,36.5,79,79,9.95,DE,1676068099
27,prince george,53.9166,-122.753,40.44,65,0,14.97,CA,1676068099
28,yahotyn,50.2798,31.7625,23.16,93,77,7.99,UA,1676068099
29,dutlwe,-23.9833,23.9,71.96,57,86,11.16,BW,1676068100
30,hobart,-42.8794,147.3294,64.26,89,75,5.75,AU,1676068100
31,cape town,-33.9258,18.4232,76.37,55,0,8.05,ZA,1676067939
32,mikhaylovsk,45.1283,42.0256,26.82,74,0,6.71,RU,1676068101
33,saint-georges,12.0564,-61.7485,78.48,78,20,18.41,GD,1676068101
34,srednekolymsk,67.45,153.6833,-52.11,100,66,1.83,RU,1676068102
35,hasaki,35.7333,140.8333,36.0,62,58,24.72,JP,1676068102
36,langarud,37.197,50.1535,33.85,89,91,3.62,IR,1676068103
37,pacasmayo,-7.4006,-79.5714,76.51,72,35,14.65,PE,1676068103
38,samos,37.7572,26.9769,46.96,63,0,1.99,GR,1676068103
39,bogorodskoye,56.55,37.8833,27.03,89,100,15.97,RU,1676068104
40,terracina,41.2863,13.2217,42.93,65,24,5.46,IT,1676068104
41,grindavik,63.8424,-22.4338,41.47,81,75,25.32,IS,1676068105
42,khipro,25.8285,69.3772,65.34,69,0,6.73,PK,1676068105
43,hithadhoo,-0.6,73.0833,81.1,72,50,13.31,MV,1676068054
44,port alfred,-33.5906,26.891,71.19,93,89,11.81,ZA,1676068106
45,beira,-19.8436,34.8389,80.69,89,75,10.36,MZ,1676068044
46,new norfolk,-42.7826,147.0587,63.9,71,44,1.3,AU,1676068106
47,smithers,54.7804,-127.1743,35.92,100,20,8.05,CA,1676068107
48,ancud,-41.8697,-73.8203,60.84,78,98,7.52,CL,1676068107
49,collie,-33.3667,116.15,49.93,95,1,3.89,AU,1676068108
50,kavaratti,10.5669,72.642,79.43,79,100,9.24,IN,1676068108
51,lively,46.4334,-81.1498,20.32,92,100,9.24,CA,1676068109
52,puerto del rosario,28.5004,-13.8627,58.75,82,20,5.75,ES,1676068109
53,santiago de chuco,-8.15,-78.1833,56.57,82,88,2.55,PE,1676068110
54,barrow,71.2906,-156.7887,-5.78,77,100,12.66,US,1676068071
55,mataura,-46.1927,168.8643,62.47,51,25,3.13,NZ,1676068061
56,whitehorse,60.7161,-135.0538,24.1,73,100,5.75,CA,1676068110
57,upernavik,72.7868,-56.1549,-15.61,93,100,8.75,GL,1676068111
58,san vicente,-26.6167,-54.1333,64.08,98,94,6.38,AR,1676068111
59,novozybkov,52.5396,31.9275,27.48,82,97,6.98,RU,1676068112
60,san patricio,28.017,-97.5169,64.35,39,10,19.55,US,1676068112
61,san jose de guanipa,8.8872,-64.1651,81.27,56,78,11.86,VE,1676068113
62,avarua,-21.2078,-159.775,84.25,74,40,6.91,CK,1676068113
63,namatanai,-3.6667,152.4333,80.83,79,99,6.15,PG,1676068083
64,victoria,22.2855,114.1577,66.96,93,100,13.0,HK,1676068009
65,mugumu,-1.85,34.7,62.33,83,84,1.01,TZ,1676068115
66,luderitz,-26.6481,15.1594,63.54,96,54,4.72,NA,1676068068
67,andenes,69.3143,16.1194,28.92,80,75,35.68,NO,1676068115
68,vaini,-21.2,-175.2,80.76,83,75,11.5,TO,1676068116
69,amahai,-3.3333,128.9167,78.06,80,100,5.64,ID,1676068116
70,grand-lahou,5.1367,-5.0242,78.94,90,4,6.76,CI,1676068116
71,cherskiy,68.75,161.3,-39.17,98,100,5.53,RU,1676068117
72,calama,-22.4667,-68.9333,75.69,27,0,27.63,CL,1676067982
73,lebu,-37.6167,-73.65,63.0,72,1,14.05,CL,1676068117
74,ginir,7.1333,40.7,61.18,34,14,5.77,ET,1676068118
75,kouroussa,10.65,-9.8833,86.83,39,75,2.51,GN,1676068118
76,hambantota,6.1241,81.1185,75.0,78,100,15.08,LK,1676068119
77,hilo,19.7297,-155.09,78.53,70,75,11.5,US,1676067958
78,shingu,33.7333,135.9833,42.64,85,29,7.31,JP,1676068119
79,surgut,61.25,73.4167,8.78,85,40,11.18,RU,1676067926
80,colotlan,22.1,-103.2667,77.97,12,1,7.16,MX,1676068120
81,bambous virieux,-20.3428,57.7575,80.22,73,40,6.91,MU,1676068120
82,biak,-0.9131,122.8766,75.94,78,100,3.62,ID,1676068121
83,port elizabeth,-33.918,25.5701,71.89,83,75,10.36,ZA,1676068121
84,zhangye,38.9342,100.4517,28.78,38,38,5.91,CN,1676068122
85,isangel,-19.55,169.2667,86.11,79,100,18.41,VU,1676068122
86,qaanaaq,77.484,-69.3632,-17.66,55,5,1.61,GL,1676068122
87,acapulco,16.8634,-99.8901,85.82,58,0,11.5,MX,1676067997
88,atbasar,51.8,68.3333,-3.89,100,80,5.99,KZ,1676068123
89,broome,42.2506,-75.833,41.63,76,100,12.66,US,1676068124
90,atuona,-9.8,-139.0333,78.85,77,6,15.17,PF,1676068124
91,nsoko,-27.0333,31.95,69.66,94,100,7.25,SZ,1676068125
92,west bay,19.3667,-81.4167,84.07,75,40,12.66,KY,1676068125
93,mahebourg,-20.4081,57.7,80.26,73,40,6.91,MU,1676068126
94,omboue,-1.5746,9.2618,79.65,87,100,4.05,GA,1676068126
95,kavieng,-2.5744,150.7967,80.01,81,100,5.91,PG,1676068127
96,zinder,13.8072,8.9881,71.13,12,2,10.74,NE,1676068127
97,arraial do cabo,-22.9661,-42.0278,80.46,74,75,11.5,BR,1676068064
98,nishiwaki,34.9833,134.9667,43.99,78,97,4.21,JP,1676068128
99,ust-tsilma,65.441,52.1498,24.71,89,100,10.18,RU,1676068128
100,ossora,59.2353,163.0719,9.36,95,100,13.31,RU,1676068129
101,fukue,32.6881,128.8419,51.8,63,18,16.8,JP,1676068129
102,tura,25.5198,90.2201,58.26,65,0,3.02,IN,1676068129
103,san felipe,10.3399,-68.7425,73.96,85,82,7.67,VE,1676068130
104,staryy nadym,65.6118,72.6842,11.19,96,21,10.78,RU,1676068130
105,qui nhon,13.7667,109.2333,72.1,90,25,3.74,VN,1676068131
106,bastia,42.6667,9.3333,42.3,46,0,5.75,FR,1676068131
107,khandyga,62.6667,135.6,-54.08,100,73,1.77,RU,1676068132
108,eregli,37.5133,34.0467,16.79,86,87,2.26,TR,1676068132
109,roald,62.5833,6.1333,46.33,100,75,11.5,NO,1676068133
110,hamilton,39.1834,-84.5333,41.41,77,100,11.5,US,1676068077
111,yellowknife,62.456,-114.3525,0.55,85,20,10.36,CA,1676068074
112,dudinka,69.4058,86.1778,13.39,94,100,22.06,RU,1676068134
113,inhambane,-23.865,35.3833,78.78,90,100,8.19,MZ,1676068134
114,saint-philippe,-21.3585,55.7679,78.39,80,37,9.22,RE,1676068135
115,kruisfontein,-34.0033,24.7314,66.88,91,0,6.6,ZA,1676068136
116,chuy,-33.6971,-53.4616,78.1,71,0,10.09,UY,1676068137
117,rawson,-43.3002,-65.1023,85.35,26,5,14.76,AR,1676068138
118,utiel,39.5667,-1.2,33.66,93,7,4.16,ES,1676068138
119,college,64.8569,-147.8028,7.2,77,40,5.75,US,1676068139
120,ribeira grande,38.5167,-28.7,59.77,80,43,11.01,PT,1676068139
121,tiksi,71.6872,128.8694,-32.39,99,99,4.23,RU,1676068140
122,kamenka,51.3223,42.7678,16.61,94,73,12.08,RU,1676068140
123,kassala,15.451,36.4,74.34,58,3,8.39,SD,1676068141
124,codrington,-38.2667,141.9667,61.41,85,35,11.56,AU,1676068104
125,corralillo,22.9819,-80.5856,78.89,71,0,20.98,CU,1676068142
126,kloulklubed,7.0419,134.2556,81.28,72,100,12.75,PW,1676068143
127,bengkulu,-3.8004,102.2655,74.07,89,47,7.29,ID,1676068143
128,taoudenni,22.6783,-3.9836,72.57,14,98,23.87,ML,1676068144
129,george town,5.4112,100.3354,78.73,93,20,3.44,MY,1676067984
130,polson,47.6936,-114.1632,33.22,87,66,1.92,US,1676068145
131,morondava,-20.2833,44.2833,78.03,81,99,3.44,MG,1676068145
132,thompson,55.7435,-97.8558,19.56,73,100,3.44,CA,1676068000
133,tiarei,-17.5333,-149.3333,87.82,75,20,11.39,PF,1676068146
134,van,38.4924,43.3831,13.35,73,20,2.3,TR,1676068147
135,bria,6.5423,21.9863,76.93,19,0,3.58,CF,1676068147
136,longyearbyen,78.2186,15.6401,19.24,86,75,12.66,SJ,1676068148
137,port lincoln,-34.7333,135.8667,64.94,74,74,15.59,AU,1676067907
138,pevek,69.7008,170.3133,-25.87,94,100,5.91,RU,1676068149
139,hami,42.8,93.45,30.02,49,99,6.71,CN,1676068034
140,huarmey,-10.0681,-78.1522,75.43,78,47,8.63,PE,1676067904
141,iqaluit,63.7506,-68.5145,-29.31,66,20,11.5,CA,1676068150
142,ha tinh,18.3333,105.9,69.26,96,21,1.1,VN,1676068150
143,pathein,16.7833,94.7333,67.44,78,6,7.0,MM,1676068151
144,buluang,13.3068,123.3425,71.92,93,44,3.13,PH,1676068151
145,lazaro cardenas,17.9583,-102.2,84.0,53,0,11.59,MX,1676068151
146,puerto ayora,-0.7393,-90.3518,84.16,88,92,7.0,EC,1676068152
147,kedrovyy,56.1667,91.8167,-21.59,100,53,3.24,RU,1676068153
148,sur,22.5667,59.5289,69.98,69,0,10.09,OM,1676068153
149,neiafu,-18.65,-173.9833,81.28,83,75,2.3,TO,1676068154
150,saldanha,-33.0117,17.9442,67.95,77,0,5.55,ZA,1676068154
151,khatanga,71.9667,102.5,-29.25,90,40,8.93,RU,1676067865
152,bonthe,7.5264,-12.505,77.13,79,7,6.29,SL,1676068155
153,luena,-11.7833,19.9167,65.57,87,81,3.31,AO,1676068155
154,souillac,-20.5167,57.5167,79.18,73,40,6.91,MU,1676068156
155,ulagan,50.6321,87.9563,2.75,99,100,1.07,RU,1676068156
156,maldonado,-34.6667,-54.9167,85.39,48,0,9.86,UY,1676068107
157,haines junction,60.7522,-137.5108,8.55,66,100,3.44,CA,1676068157
158,bethel,41.3712,-73.414,50.9,53,0,17.27,US,1676068047
159,kismayo,-0.3582,42.5454,76.86,84,47,16.24,SO,1676068158
160,erenhot,43.6475,111.9767,23.29,63,67,6.55,CN,1676068159
161,limbang,4.75,115.0,75.31,97,95,1.68,MY,1676068159
162,fortuna,40.5982,-124.1573,48.65,96,40,9.22,US,1676068160
163,farmington,36.7281,-108.2187,43.48,22,0,5.99,US,1676068161
164,mount isa,-20.7333,139.5,82.17,44,78,8.05,AU,1676068161
165,mahenge,-8.6833,36.7167,64.27,97,100,1.16,TZ,1676068162
166,vao,-22.6667,167.4833,79.66,86,100,34.27,NC,1676068162
167,bredasdorp,-34.5322,20.0403,69.06,79,0,10.4,ZA,1676068163
168,todos santos,23.45,-110.2167,79.3,66,80,4.79,MX,1676068111
169,plettenberg bay,-34.0527,23.3716,67.62,79,0,7.56,ZA,1676068154
170,green river,41.5286,-109.4662,28.8,61,1,1.99,US,1676068164
171,mednogorsk,51.4128,57.595,0.72,100,99,3.83,RU,1676068165
172,yeppoon,-23.1333,150.7333,80.38,70,6,4.09,AU,1676068165
173,east london,-33.0153,27.9116,71.6,83,100,7.83,ZA,1676068166
174,mitsamiouli,-11.3847,43.2844,81.36,80,100,7.14,KM,1676068166
175,airai,-8.9266,125.4092,60.35,94,94,3.0,TL,1676068079
176,talcahuano,-36.7167,-73.1167,71.28,53,0,19.57,CL,1676068167
177,wichita falls,33.9137,-98.4934,47.25,36,40,14.97,US,1676068154
178,cabo san lucas,22.8909,-109.9124,85.3,34,20,6.91,MX,1676068072
179,dikson,73.5069,80.5464,9.64,93,100,14.88,RU,1676068168
180,gambiran,-6.7988,111.4951,74.79,90,100,0.31,ID,1676068168
181,awjilah,29.1081,21.2869,54.12,61,21,9.08,LY,1676068169
182,balkanabat,39.5108,54.3671,31.24,56,16,5.06,TM,1676068169
183,fuerte olimpo,-21.0415,-57.8738,79.14,85,93,4.56,PY,1676068170
184,te anau,-45.4167,167.7167,58.33,63,19,1.36,NZ,1676068170
185,zhezkazgan,47.8043,67.7144,10.58,96,100,7.56,KZ,1676068171
186,port macquarie,-31.4333,152.9167,71.69,74,6,4.41,AU,1676068172
187,roxana,10.2753,-83.7513,85.03,93,41,3.58,CR,1676068172
188,laguna,38.421,-121.4238,65.05,57,0,10.36,US,1676067951
189,nikolskoye,59.7035,30.7861,28.8,81,57,13.56,RU,1676068052
190,svetlogorsk,52.6333,29.7333,25.39,91,80,8.86,BY,1676068173
191,faya,18.3851,42.4509,55.92,64,6,3.22,SA,1676068173
192,minsk,53.9,27.5667,26.35,88,66,14.05,BY,1676068174
193,lake charles,30.2131,-93.2044,68.02,46,0,6.91,US,1676068175
194,kimbe,-5.5502,150.1429,76.46,94,100,2.04,PG,1676068175
195,necochea,-38.5473,-58.7368,88.36,40,13,15.41,AR,1676068175
196,rio claro,-22.4114,-47.5614,71.87,88,99,3.96,BR,1676068065
197,karratha,-20.7377,116.8463,84.16,71,50,13.76,AU,1676068059
198,sitio novo do tocantins,-5.5183,-47.4611,85.93,62,40,5.75,BR,1676068176
199,mount gambier,-37.8333,140.7667,64.22,72,100,11.23,AU,1676068177
200,garmsar,35.2182,52.3409,35.65,41,1,6.93,IR,1676068178
201,ust-nera,64.5667,143.2,-37.98,96,98,2.82,RU,1676068178
202,moranbah,-22.0016,148.0466,78.87,54,53,2.26,AU,1676068179
203,soyo,-6.1349,12.3689,79.59,79,21,6.4,AO,1676068179
204,asilah,35.465,-6.0348,55.36,63,100,21.94,MA,1676068094
205,dingle,10.9995,122.6711,73.47,94,56,7.18,PH,1676068180
206,paamiut,61.994,-49.6678,3.25,87,86,9.35,GL,1676068180
207,bardiyah,31.7561,25.0865,55.29,68,67,8.46,LY,1676068181
208,guerrero negro,27.9769,-114.0611,75.0,17,100,5.46,MX,1676068182
209,biel,47.1324,7.2441,33.73,86,84,2.3,CH,1676068182
210,husavik,66.0449,-17.3389,34.27,82,73,14.5,IS,1676068183
211,paciran,-6.8767,112.3761,77.41,87,98,8.05,ID,1676068183
212,santiago del estero,-27.7951,-64.2615,100.17,24,0,10.71,AR,1676068184
213,komsomolskiy,40.4272,71.7189,29.12,74,75,4.61,UZ,1676068184
214,atar,20.5169,-13.0499,66.0,58,39,4.05,MR,1676068185
215,port hardy,50.6996,-127.4199,44.78,93,100,5.75,CA,1676068185
216,taltal,-25.4,-70.4833,71.62,71,24,2.91,CL,1676068186
217,la rioja,42.25,-2.5,22.78,59,0,5.59,ES,1676068186
218,sesheke,-17.4759,24.2968,67.8,72,45,3.49,ZM,1676068187
219,georgetown,5.4112,100.3354,78.73,93,20,3.44,MY,1676068110
220,waipawa,-41.4122,175.5153,64.42,58,79,8.93,NZ,1676068187
221,tupik,54.4253,119.9327,-23.87,100,100,1.52,RU,1676068188
222,arroyo,41.6096,-4.7969,41.11,59,0,11.5,ES,1676068189
223,carnarvon,-24.8667,113.6333,75.13,68,8,22.62,AU,1676068152
224,dakar,14.6937,-17.4441,68.88,85,93,20.92,SN,1676067908
225,rio tercero,-32.173,-64.1141,89.8,22,0,5.86,AR,1676067906
226,alanya,36.5438,31.9998,41.13,43,0,8.63,TR,1676068110
227,sao gabriel da cachoeira,-0.1303,-67.0892,77.92,94,82,0.72,BR,1676068190
228,severo-kurilsk,50.6789,156.125,21.27,79,97,26.93,RU,1676068190
229,ca mau,9.1769,105.15,71.65,96,77,3.85,VN,1676068191
230,vostok,46.4856,135.8833,6.15,98,98,3.51,RU,1676068191
231,kodiak,57.79,-152.4072,33.31,100,100,4.61,US,1676068021
232,fort nelson,58.8053,-122.7002,20.95,74,75,4.0,CA,1676068192
233,nanortalik,60.1432,-45.2371,20.37,63,100,20.96,GL,1676068087
234,marzuq,14.4,46.4667,63.81,66,1,3.36,YE,1676068192
235,ahuimanu,21.4447,-157.8378,82.11,64,40,28.77,US,1676068193
236,saskylakh,71.9167,114.0833,-44.91,98,53,7.61,RU,1676068194
237,grand gaube,-20.0064,57.6608,80.38,74,3,5.99,MU,1676068194
238,vila,42.0304,-8.1588,38.28,61,0,5.53,PT,1676068194
239,novo aripuana,-5.1206,-60.3797,76.95,95,54,3.04,BR,1676068195
240,chokurdakh,70.6333,147.9167,-52.31,100,74,4.63,RU,1676068195
241,sistranda,63.7256,8.834,30.16,91,100,11.05,NO,1676068196
242,orlik,52.5178,99.825,-21.64,98,56,1.97,RU,1676068196
243,klaksvik,62.2266,-6.589,45.52,81,100,33.08,FO,1676068197
244,sao joao da barra,-21.6403,-41.0511,78.89,86,17,16.64,BR,1676068092
245,avera,33.194,-82.5271,63.91,73,100,5.73,US,1676068197
246,nelson bay,-32.7167,152.15,77.11,78,2,3.0,AU,1676068198
247,mitu,1.1983,-70.1733,77.22,93,98,2.37,CO,1676068198
248,ponta do sol,32.6667,-17.1,60.01,81,100,10.87,PT,1676068199
249,tazovskiy,67.4667,78.7,10.99,94,74,14.38,RU,1676068199
250,melendugno,40.2747,18.3368,37.49,93,100,4.61,IT,1676068200
251,santa cruz,-17.8,-63.1667,78.85,78,75,8.05,BO,1676068200
252,aleksandrov gay,50.147,48.5704,13.03,91,23,7.76,RU,1676068201
253,salisbury,51.0693,-1.7957,48.45,90,100,9.22,GB,1676068202
254,wenling,28.3669,121.36,48.9,91,87,2.77,CN,1676068203
255,geraldton,-28.7667,114.6,63.01,88,0,10.36,AU,1676068203
256,igarka,67.4667,86.5833,12.45,95,100,15.17,RU,1676068204
257,lasa,46.6166,10.7002,34.68,49,58,4.94,IT,1676068205
258,mukhen,48.1,136.1,7.09,96,98,2.42,RU,1676068206
259,lorengau,-2.0226,147.2712,78.89,85,100,6.35,PG,1676068207
260,dmanisi,41.5251,44.3472,17.58,93,99,2.75,GE,1676068208
261,granja,-3.1203,-40.8261,75.9,94,100,5.68,BR,1676068209
262,itarema,-2.9248,-39.9167,80.22,81,33,13.89,BR,1676068209
263,port augusta,-32.5,137.7667,73.31,55,0,11.74,AU,1676068210
264,abonnema,4.7084,6.7931,82.69,79,14,7.94,NG,1676068211
265,starokucherganovka,46.3248,47.9555,3.13,92,100,2.24,RU,1676068212
266,waingapu,-9.6567,120.2641,77.36,84,100,5.97,ID,1676068213
267,kirakira,-10.4544,161.9205,84.0,71,91,6.35,SB,1676068213
268,linxia,35.6003,103.2064,31.51,60,100,1.86,CN,1676068214
269,comodoro rivadavia,-45.8667,-67.5,82.26,18,0,24.16,AR,1676068215
270,ornskoldsvik,63.2909,18.7153,22.15,79,20,3.44,SE,1676068215
271,sept-iles,50.2001,-66.3821,13.05,87,100,11.5,CA,1676067921
272,danshui,22.7984,114.4672,65.48,90,100,7.2,CN,1676068216
273,kenora,49.8167,-94.4337,25.77,58,75,10.36,CA,1676068217
274,alma,48.5501,-71.6491,23.11,94,100,9.71,CA,1676068189
275,hofn,64.2539,-15.2082,36.23,82,94,6.42,IS,1676068218
276,kikwit,-5.041,18.8162,77.72,59,77,0.69,CD,1676068219
277,xacmaz,41.4635,48.806,31.75,72,78,1.97,AZ,1676068219
278,tucuman,-26.8241,-65.2226,89.6,51,20,3.44,AR,1676068220
279,provideniya,64.3833,-173.3,-17.01,88,99,7.18,RU,1676067994
280,ocampo,21.65,-101.5,69.39,16,5,10.63,MX,1676068221
281,kokstad,-30.5472,29.4241,54.9,97,99,2.26,ZA,1676068222
282,tanout,14.9709,8.8879,68.74,15,1,12.95,NE,1676068223
283,akyab,20.15,92.9,65.44,73,0,9.71,MM,1676068224
284,mar del plata,-38.0023,-57.5575,80.83,88,0,13.8,AR,1676067944
285,aberdeen,57.1437,-2.0981,52.66,77,100,10.36,GB,1676068203
286,wolgast,54.05,13.7667,39.85,100,100,21.83,DE,1676068225
287,fairbanks,64.8378,-147.7164,7.21,77,40,5.75,US,1676068226
288,lensk,60.7253,114.9278,-11.34,99,100,3.62,RU,1676068226
289,petropavlovsk-kamchatskiy,53.0452,158.6483,0.19,66,75,11.18,RU,1676068227
290,esperance,-33.8667,121.9,66.0,64,81,12.26,AU,1676068227
291,santa maria,-29.6842,-53.8069,87.1,48,20,4.61,BR,1676068119
292,kotlas,61.2611,46.6556,24.3,92,100,12.59,RU,1676068229
293,olafsvik,64.8945,-23.7142,39.42,83,100,32.1,IS,1676068229
294,kolpashevo,58.3131,82.9089,-10.26,100,35,5.08,RU,1676068230
295,tarakan,3.3,117.6333,76.5,94,20,6.91,ID,1676068231
296,fomboni,-12.28,43.7425,82.02,76,99,11.27,KM,1676068165
297,vilhena,-12.7406,-60.1458,73.62,94,40,6.91,BR,1676068232
298,pastavy,55.1168,26.8326,27.3,90,50,12.71,BY,1676068232
299,arroio grande,-32.2375,-53.0869,78.04,61,0,11.92,BR,1676068233
300,mach,29.8637,67.3298,49.23,37,1,9.95,PK,1676068234
301,jalu,29.0331,21.5482,53.94,61,39,8.88,LY,1676068234
302,ketchikan,55.3422,-131.6461,40.98,81,75,5.75,US,1676068235
303,okha,53.5739,142.9478,-21.62,98,17,4.65,RU,1676068236
304,norman wells,65.282,-126.8329,-7.56,77,75,5.75,CA,1676068064
305,turukhansk,65.8167,87.9833,10.02,94,100,20.07,RU,1676068237
306,dhidhdhoo,6.8833,73.1,79.83,74,95,5.53,MV,1676068237
307,ndele,8.4109,20.6473,74.12,18,3,4.65,CF,1676068238
308,nusaybin,37.0778,41.2178,37.4,62,79,5.66,TR,1676068238
309,norrtalje,59.758,18.705,33.44,97,100,12.12,SE,1676068239
310,dunedin,-45.8742,170.5036,60.35,68,21,7.27,NZ,1676068199
311,howard springs,-12.497,131.047,78.71,96,100,8.9,AU,1676068240
312,blind river,46.1834,-82.9582,21.31,82,100,10.31,CA,1676068240
313,amos,48.5669,-78.1162,14.68,89,100,9.78,CA,1676068241
314,sayaxche,16.5167,-90.1667,79.32,75,54,3.51,GT,1676068241
315,constitucion,-35.3333,-72.4167,66.2,60,10,17.87,CL,1676068242
316,xiamen,24.4798,118.0819,59.25,94,100,2.24,CN,1676068242
317,plouzane,48.3833,-4.6167,48.25,90,100,3.44,FR,1676068243
318,maniitsoq,65.4167,-52.9,-6.0,97,100,9.84,GL,1676068243
319,vila velha,-20.3297,-40.2925,80.55,86,20,12.66,BR,1676068129
320,ambilobe,-13.2,49.05,72.82,95,100,3.31,MG,1676068244
321,havelock,34.8791,-76.9013,71.56,86,20,8.05,US,1676068118
322,ayagoz,47.9714,80.4392,8.22,94,100,16.37,KZ,1676068245
323,orcopampa,-15.2661,-72.3417,50.23,85,100,6.55,PE,1676068245
324,nemuro,43.3236,145.575,27.45,93,100,11.79,JP,1676068246
325,coihaique,-45.5752,-72.0662,56.01,90,72,8.55,CL,1676067996
326,valdemarpils,57.3707,22.5919,33.1,90,97,13.47,LV,1676068247
327,kamina,-8.7386,24.9906,65.43,81,97,3.38,CD,1676068247
328,mudgee,-32.5943,149.5871,79.07,43,45,3.87,AU,1676068248
329,kawalu,-7.3817,108.2082,71.4,94,99,2.48,ID,1676068248
330,dubrovka,53.6907,33.5071,26.6,87,97,12.19,RU,1676068249
331,katsuura,35.1333,140.3,46.69,69,26,18.66,JP,1676068249
332,sangar,63.9242,127.4739,-45.76,97,81,1.14,RU,1676068036
333,bathsheba,13.2167,-59.5167,79.41,69,40,20.71,BB,1676068250
334,gboko,7.3179,8.9951,83.5,12,11,3.47,NG,1676068250
335,belmonte,-15.8631,-38.8828,78.53,86,1,8.97,BR,1676068251
336,leningradskiy,69.3833,178.4167,-21.1,96,100,11.27,RU,1676068158
337,bubaque,11.2833,-15.8333,74.16,74,8,15.35,GW,1676068252
338,oyama,36.3,139.8,44.58,73,0,3.0,JP,1676068119
339,torrington,41.8007,-73.1212,50.14,63,6,8.01,US,1676068252
340,port-cartier,50.0334,-66.8654,12.74,94,100,11.92,CA,1676068253
341,port keats,-14.25,129.55,77.22,87,100,1.19,AU,1676068253
342,jinchang,38.4953,102.1739,28.99,40,31,9.48,CN,1676068254
343,linguere,15.3953,-15.1193,84.42,30,0,4.61,SN,1676068254
344,aklavik,68.2191,-135.0107,-11.2,77,100,5.75,CA,1676068136
345,torbay,47.6666,-52.7314,22.57,91,100,9.22,CA,1676068255
346,cayenne,4.9333,-52.3333,78.84,78,100,9.22,GF,1676068056
347,jega,12.2175,4.3792,77.45,9,0,11.68,NG,1676068256
348,lask,51.5906,19.1328,35.37,84,99,1.01,PL,1676068256
349,kautokeino,69.0125,23.0412,4.23,89,97,6.06,NO,1676068257
350,malanje,-9.5402,16.341,63.52,80,4,2.64,AO,1676068257
351,damietta,31.4165,31.8133,57.69,59,39,16.71,EG,1676068258
352,roebourne,-20.7833,117.1333,85.17,68,88,7.92,AU,1676068259
353,kidal,18.4411,1.4078,77.34,13,18,9.04,ML,1676068259
354,nortelandia,-14.4547,-56.8028,76.6,88,34,3.8,BR,1676068259
355,minab,27.1467,57.0801,57.52,82,61,0.0,IR,1676068260
356,tres arroyos,-38.3739,-60.2798,85.15,32,47,12.1,AR,1676068260
357,tuatapere,-46.1333,167.6833,61.74,57,46,3.04,NZ,1676068162
358,esna,25.2934,32.554,57.22,22,68,5.79,EG,1676068261
359,bangkal,6.0667,121.0667,76.93,82,93,2.59,PH,1676068261
360,mersin,36.862,34.6509,41.94,52,3,7.78,TR,1676068262
361,graham,47.0529,-122.2943,52.88,71,75,6.91,US,1676068109
362,molln,53.6333,10.6833,42.3,84,100,16.11,DE,1676068263
363,ugoofaaru,5.6667,73.0,79.86,73,84,6.4,MV,1676068264
364,sandwick,60.0,-1.25,48.02,81,75,26.46,GB,1676068265
365,borazjan,29.2666,51.2159,50.68,53,65,1.25,IR,1676068265
366,kilosa,-6.8333,36.9833,70.27,98,99,2.06,TZ,1676068266
367,ostrovnoy,68.0531,39.5131,23.7,94,100,2.82,RU,1676068228
368,shellbrook,53.2168,-106.4011,29.43,86,47,9.51,CA,1676068267
369,tasiilaq,65.6145,-37.6368,19.56,96,100,4.47,GL,1676068268
370,phonhong,18.5007,102.4166,70.07,71,4,2.89,LA,1676068268
371,muli,2.9167,73.5667,80.13,70,12,9.98,MV,1676068269
372,kahului,20.8947,-156.47,73.85,80,75,19.57,US,1676068028
373,margate,51.3813,1.3862,43.88,81,98,3.0,GB,1676068269
374,beidao,34.5686,105.8933,39.99,85,90,4.54,CN,1676068270
375,nishihara,26.1842,127.7558,61.88,94,40,2.3,JP,1676068271
376,brae,60.3964,-1.353,47.48,77,100,30.13,GB,1676068271
377,nome,64.5011,-165.4064,-0.33,71,0,11.5,US,1676068272
378,lagunas,-5.2269,-75.6753,83.8,61,94,3.02,PE,1676068272
379,tromso,69.6496,18.957,26.62,80,75,6.91,NO,1676068273
380,baglung,28.2719,83.5898,51.01,35,0,6.53,NP,1676068274
381,auki,-8.7676,160.7034,84.51,65,75,1.32,SB,1676068274
382,keokuk,40.3973,-91.3849,38.08,48,0,6.91,US,1676068274
383,puqi,29.7167,113.8833,45.68,93,100,2.73,CN,1676068275
384,high level,58.5169,-117.136,17.71,100,100,2.3,CA,1676068223
385,tuchlovice,50.138,13.9912,32.25,90,0,10.36,CZ,1676068276
386,flinders,-34.5833,150.8552,78.06,84,24,5.44,AU,1676068277
387,yerbogachen,61.2767,108.0108,-23.76,100,95,4.97,RU,1676068277
388,coahuayana,18.7333,-103.6833,84.72,45,0,5.99,MX,1676068278
389,havoysund,70.9963,24.6622,28.63,70,100,25.23,NO,1676068279
390,yumen,40.2833,97.2,24.87,49,97,6.33,CN,1676068279
391,ahipara,-35.1667,173.1667,67.71,77,100,13.69,NZ,1676068169
392,rorvik,64.8621,11.2373,30.31,93,100,0.0,NO,1676068280
393,deputatskiy,69.3,139.9,-45.65,99,81,3.8,RU,1676068281
394,saint george,37.1041,-113.5841,61.25,19,0,4.61,US,1676068099
395,trnava,48.3774,17.5872,35.87,72,52,2.59,SK,1676068282
396,shizunai,42.3339,142.3669,29.01,85,100,4.29,JP,1676068282
397,bossier city,32.516,-93.7321,49.37,87,100,13.8,US,1676068195
398,kishi,9.0833,3.85,82.33,17,0,2.48,NG,1676068284
399,ortigueira,-24.2083,-50.9494,65.16,98,92,4.65,BR,1676068284
400,santa rita,-7.1139,-34.9781,81.27,78,0,10.36,BR,1676068285
401,moyo,3.6609,31.7247,77.45,31,58,1.28,UG,1676068286
402,inongo,-1.95,18.2667,77.7,63,86,3.6,CD,1676068286
403,praia,14.9215,-23.5087,68.54,77,20,14.97,CV,1676068287
404,maues,-3.3836,-57.7186,74.8,98,100,1.12,BR,1676068288
405,port hedland,-20.3167,118.5667,86.05,79,91,14.97,AU,1676068289
406,sayyan,15.1718,44.3244,51.37,39,0,3.56,YE,1676068220
407,berlevag,70.8578,29.0864,26.55,68,0,25.32,NO,1676068290
408,cidreira,-30.1811,-50.2056,77.27,82,0,11.32,BR,1676068018
409,jinzhou,41.1078,121.1417,29.98,85,95,11.56,CN,1676068291
410,madoc,44.5084,-77.4745,36.32,64,100,14.38,CA,1676068291
411,katherine,-14.4667,132.2667,77.32,94,100,0.0,AU,1676068292
412,san rafael,-34.6177,-68.3301,83.97,37,17,12.5,AR,1676068293
413,yar-sale,66.8333,70.8333,13.21,91,35,10.56,RU,1676068293
414,tessalit,20.1986,1.0114,75.7,14,61,8.88,ML,1676068294
415,buala,-8.145,159.5921,84.04,70,100,3.53,SB,1676068294
416,stepnogorsk,52.3544,71.8869,-6.93,100,59,5.88,KZ,1676068295
417,sinnamary,5.3833,-52.95,76.53,82,88,13.11,GF,1676068295
418,coquimbo,-29.9533,-71.3436,71.33,68,0,12.66,CL,1676068296
419,raga,8.4596,25.678,73.62,17,5,5.08,SS,1676068296
420,westport,41.1415,-73.3579,54.36,49,0,16.11,US,1676068220
421,faanui,-16.4833,-151.75,81.97,72,38,10.71,PF,1676068297
422,touros,-5.1989,-35.4608,80.56,71,97,13.91,BR,1676068298
423,alakurtti,66.9672,30.3491,-0.15,96,61,4.88,RU,1676068298
424,venice,27.0998,-82.4543,78.28,84,0,9.22,US,1676068294
425,awbari,26.5921,12.7805,48.45,43,63,9.75,LY,1676068299
426,goderich,43.7501,-81.7165,32.32,64,100,18.41,CA,1676068198
427,lima,-12.0432,-77.0282,75.45,73,40,12.66,PE,1676068149
428,kutum,14.2,24.6667,63.7,17,1,8.66,SD,1676068300
429,karasjok,69.4719,25.5112,16.63,84,100,15.23,NO,1676068300
430,algete,40.5971,-3.4974,42.08,73,0,8.05,ES,1676068301
431,umba,66.6871,34.3429,25.3,95,100,10.29,RU,1676068301
432,mareeba,-17.0,145.4333,78.48,90,99,4.36,AU,1676068302
433,padang,-0.9492,100.3543,74.97,83,88,5.48,ID,1676068115
434,saint anthony,45.0205,-93.218,30.13,62,0,10.36,US,1676068223
435,maceio,-9.6658,-35.7353,78.24,88,75,12.66,BR,1676068302
436,aswan,24.0934,32.907,64.24,21,0,7.18,EG,1676068303
437,peniche,39.3558,-9.3811,50.56,66,85,19.06,PT,1676068304
438,solano,38.2333,-121.9511,63.25,51,0,16.11,US,1676068304
439,sipoo,60.3775,25.2691,31.15,74,0,8.05,FI,1676068305
440,mehamn,71.0357,27.8492,26.51,65,90,19.77,NO,1676068305
441,edd,13.9297,41.6925,81.32,39,0,17.78,ER,1676068306
442,volksrust,-27.3654,29.8818,56.07,99,100,6.24,ZA,1676068307
443,grand haven,43.0631,-86.2284,30.43,67,100,12.66,US,1676068307
444,kinablangan,7.6947,126.5503,76.1,90,96,5.57,PH,1676068308
445,sorland,67.667,12.6934,31.86,58,100,23.29,NO,1676068308
446,sola,-13.8833,167.55,82.31,72,100,12.93,VU,1676068309
447,saint-joseph,-21.3667,55.6167,77.38,79,24,7.99,RE,1676068309
448,carutapera,-1.195,-46.02,76.87,92,50,6.71,BR,1676068310
449,benito juarez,19.385,-99.165,73.22,30,75,3.44,MX,1676068310
450,mandalgovi,45.7625,106.2708,11.46,80,100,9.37,MN,1676068311
451,sibirskiy,53.5777,83.7577,-1.41,100,71,3.38,RU,1676068311
452,sao jose da coroa grande,-8.8978,-35.1478,79.11,77,97,8.23,BR,1676068312
453,marsh harbour,26.5412,-77.0636,75.29,76,0,12.3,BS,1676068312
454,alice springs,-23.7,133.8833,80.15,39,0,0.0,AU,1676068112
455,agucadoura,41.4318,-8.7804,52.25,62,0,8.72,PT,1676068313
456,rocha,-34.4833,-54.3333,72.63,79,1,6.76,UY,1676068313
457,batsfjord,70.6345,29.7185,26.53,67,0,17.27,NO,1676068314
458,kieta,-6.2167,155.6333,83.28,73,98,5.57,PG,1676068123
459,iwamizawa,43.2003,141.7597,19.08,94,70,2.44,JP,1676068314
460,khovu-aksy,51.1333,93.6,-3.8,97,89,2.37,RU,1676068315
461,mehran,33.1222,46.1646,46.15,47,1,3.29,IR,1676068316
462,victor harbor,-35.5667,138.6167,66.99,71,69,1.99,AU,1676068316
463,hokitika,-42.7167,170.9667,65.1,53,30,4.45,NZ,1676068317
464,usinsk,65.9939,57.5281,23.97,92,100,21.61,RU,1676068317
465,matay,28.419,30.7792,52.41,52,57,8.59,EG,1676068318
466,nenjiang,49.1833,125.2167,4.66,97,100,4.54,CN,1676068318
467,ilulissat,69.2167,-51.1,-9.38,77,100,8.05,GL,1676068319
468,sterling,39.0062,-77.4286,56.48,47,75,15.01,US,1676068177
469,pierre,44.3683,-100.351,47.32,36,0,8.05,US,1676068320
470,sitka,57.0531,-135.33,37.29,75,100,10.36,US,1676068320
471,maralal,1.0968,36.698,60.01,64,36,5.59,KE,1676068321
472,malpe,13.35,74.7167,76.3,73,60,3.56,IN,1676068202
473,hay river,60.8156,-115.7999,-4.02,77,75,8.05,CA,1676068070
474,batagay-alyta,67.8006,130.4114,-41.91,100,97,1.81,RU,1676068322
475,hermiston,45.8404,-119.2895,56.95,48,0,3.44,US,1676068143
476,zabid,14.1951,43.3152,77.27,62,2,2.82,YE,1676068323
477,bulgan,48.8125,103.5347,3.15,98,100,1.48,MN,1676068194
478,tomatlan,19.9333,-105.25,83.93,38,77,7.45,MX,1676068324
479,tautira,-17.7333,-149.15,81.37,75,22,12.93,PF,1676068325
480,sao filipe,14.8961,-24.4956,70.61,74,98,6.51,CV,1676068325
481,dalton,34.7698,-84.9702,57.76,56,20,11.5,US,1676068061
482,alta floresta,-9.8756,-56.0861,80.42,83,20,5.75,BR,1676068327
483,veraval,20.9,70.3667,69.75,76,0,9.55,IN,1676068327
484,gulu,2.7746,32.299,75.81,35,77,4.41,UG,1676068042
485,olovyannaya,50.95,115.5667,-14.57,100,96,2.42,RU,1676068328
486,cabo rojo,18.0866,-67.1457,81.21,57,39,16.11,PR,1676068328
487,mugur-aksy,50.35,90.5,-3.82,95,43,6.73,RU,1676068329
488,bilma,18.6853,12.9164,69.6,19,41,15.82,NE,1676068037
489,lieksa,63.3167,30.0167,20.28,91,73,11.7,FI,1676068211
490,cochrane,51.1834,-114.4687,45.21,31,0,24.16,CA,1676068137
491,cabatuan,10.8794,122.486,74.98,89,75,10.65,PH,1676068330
492,ventspils,57.3894,21.5606,35.53,87,75,19.57,LV,1676068331
493,soroti,1.7146,33.6111,72.72,48,52,6.96,UG,1676068332
494,camaqua,-30.8511,-51.8122,77.23,68,1,9.4,BR,1676068332
495,lagoa,39.05,-27.9833,57.34,74,0,11.25,PT,1676068333
496,souris,49.6172,-100.2612,31.73,82,43,14.03,CA,1676068333
497,nyagan,62.1406,65.3936,18.03,92,82,10.38,RU,1676068334
498,mahon,39.8885,4.2658,41.56,70,20,3.44,ES,1676068334
499,talnakh,69.4865,88.3972,4.26,95,100,17.81,RU,1676068335
500,nieuwpoort,51.1244,2.7735,42.46,93,75,6.91,BE,1676068336
501,falmouth,50.1544,-5.0711,45.5,100,75,0.0,GB,1676068337
502,muisne,0.6,-80.0333,78.94,83,91,5.91,EC,1676068338
503,kiruna,67.8557,20.2251,9.52,79,9,3.44,SE,1676068338
504,kathu,7.9178,98.3332,76.82,81,37,3.69,TH,1676068340
505,melfi,40.9965,15.6514,36.16,87,93,3.89,IT,1676068340
506,okhotsk,59.3833,143.3,-13.13,77,98,11.45,RU,1676068141
507,praia da vitoria,38.7333,-27.0667,56.75,94,40,7.43,PT,1676068341
508,shahr-e babak,30.1165,55.1186,37.27,47,54,2.06,IR,1676068341
509,ploemeur,47.7333,-3.4333,45.82,93,100,2.3,FR,1676068342
510,vardo,70.3705,31.1107,17.58,62,0,16.11,NO,1676068342
511,norwich,52.6278,1.2983,45.25,89,73,9.22,GB,1676068343
512,belaya gora,68.5333,146.4167,-56.69,100,59,2.26,RU,1676068344
513,prince rupert,54.3161,-130.3201,41.09,70,100,21.85,CA,1676068124
514,diamantino,-14.4086,-56.4461,77.88,83,60,3.36,BR,1676068345
515,marang,5.2056,103.2059,78.71,90,86,4.56,MY,1676068345
516,jumla,29.2747,82.1838,35.78,57,0,3.53,NP,1676068346
517,roura,4.7263,-52.3274,78.71,78,100,9.22,GF,1676068347
518,mtinko,-4.55,34.85,60.71,90,100,6.38,TZ,1676068348
519,cockburn town,21.4612,-71.1419,76.96,73,40,13.8,TC,1676068348
520,sturgeon falls,46.3646,-79.9326,24.76,93,100,10.49,CA,1676068349
521,sobolevo,54.4299,31.8996,23.52,93,58,10.33,RU,1676068350
522,channel-port aux basques,47.5702,-59.1367,30.99,94,100,35.79,CA,1676068351
523,sarh,9.1429,18.3923,69.71,64,0,0.0,TD,1676068351
524,northam,51.0333,-4.2167,49.39,98,100,7.23,GB,1676068138
525,izumo,35.3667,132.7667,37.35,100,40,6.91,JP,1676068353
526,acari,-15.4311,-74.6158,78.15,74,76,8.21,PE,1676068264
527,aykhal,66.0,111.5,-32.26,100,99,8.48,RU,1676068354
528,mackay,-21.15,149.2,83.68,77,11,1.41,AU,1676068355
529,zasheyek,67.4066,32.5499,18.95,83,100,8.63,RU,1676068355
530,lompoc,34.6391,-120.4579,71.69,75,75,17.0,US,1676068349
531,poum,-20.2333,164.0167,81.93,70,100,23.94,NC,1676068356
532,majene,-3.5403,118.9707,77.14,77,100,2.66,ID,1676068170
533,ballina,-28.8667,153.5667,77.02,80,16,7.34,AU,1676068357
534,tabou,4.423,-7.3528,79.88,86,11,7.27,CI,1676068357
535,hualmay,-11.0964,-77.6139,74.55,80,78,8.72,PE,1676068358
536,semirom,31.4167,51.5667,18.45,91,86,1.61,IR,1676068358
537,nouadhibou,20.931,-17.0347,64.38,88,0,9.22,MR,1676068359
538,gornopravdinsk,60.05,69.9,9.7,95,90,10.07,RU,1676068359
539,pontianak,-0.0333,109.3333,76.98,94,20,3.44,ID,1676068360
540,selma,36.5708,-119.6121,71.04,37,0,3.44,US,1676068360
541,villanueva,15.3167,-88.0,83.39,58,20,17.27,HN,1676068361
542,saint-francois,46.4154,3.9054,31.96,89,7,1.14,FR,1676068361
543,george,-33.963,22.4617,62.15,94,0,4.61,ZA,1676068362
544,vestmannaeyjar,63.4427,-20.2734,43.32,80,100,17.58,IS,1676068362
545,paramonga,-10.6667,-77.8333,73.99,82,67,7.2,PE,1676068363
546,warmbad,-28.45,18.7333,77.92,33,0,11.7,NA,1676068363
547,asau,46.4333,26.4,11.32,91,27,6.69,RO,1676068364
548,bonavista,48.6499,-53.1147,22.51,77,100,16.84,CA,1676068364
549,itoman,26.1247,127.6694,62.62,94,40,2.3,JP,1676068365
550,rivadavia,-33.1905,-68.4608,96.26,15,18,13.44,AR,1676068365
551,san benito,36.6166,-121.0844,50.85,72,100,7.38,US,1676068366
552,deniliquin,-35.5333,144.9667,78.84,30,0,12.01,AU,1676068366
553,tutoia,-2.7619,-42.2744,77.85,88,99,8.28,BR,1676068367
554,moussoro,13.6408,16.4901,72.37,9,0,12.5,TD,1676068368
555,san cristobal,7.7669,-72.225,76.24,60,96,3.74,VE,1676068119
556,san pedro,14.35,121.0167,77.27,81,20,6.91,PH,1676068369
557,vila franca do campo,37.7167,-25.4333,55.81,90,22,5.14,PT,1676068369
558,nhulunbuy,-12.2333,136.7667,81.21,83,40,9.22,AU,1676068370
559,kristianstad,56.0313,14.1524,41.14,93,100,17.27,SE,1676068370
560,skibbereen,51.55,-9.2667,49.1,95,100,8.25,IE,1676068371
561,poya,-21.35,165.15,80.37,78,98,19.22,NC,1676068372
562,nicoya,10.1483,-85.452,85.3,50,35,12.73,CR,1676068372
563,dzilam gonzalez,21.2833,-88.9333,83.34,54,28,6.17,MX,1676068373
564,sabha,27.0377,14.4283,49.42,37,54,9.64,LY,1676068373
565,muncar,-8.4333,114.3333,75.85,91,100,2.48,ID,1676068374
566,north bend,43.4065,-124.2243,54.16,90,100,5.75,US,1676068374
567,bertoua,4.5833,13.6833,72.12,22,33,4.32,CM,1676068375
568,honiara,-9.4333,159.95,84.88,70,92,4.07,SB,1676068375
569,porto novo,6.4965,2.6036,84.02,82,3,7.47,BJ,1676068376
570,coromandel,-18.4733,-47.2003,68.94,86,90,2.71,BR,1676068376
571,nago,26.5881,127.9761,57.63,78,74,5.17,JP,1676068377
572,oussouye,12.485,-16.5469,77.18,68,22,8.34,SN,1676068377
573,mexico,15.0646,120.7198,76.71,90,73,5.7,PH,1676068176
574,high rock,26.6208,-78.2833,77.02,76,0,14.54,BS,1676068378
575,moose factory,51.2585,-80.6094,14.0,44,0,5.75,CA,1676068379
576,tighnabruaich,55.9016,-5.2398,50.4,87,100,15.66,GB,1676068379
577,monterey,36.2505,-121.2516,63.18,1,100,13.65,US,1676068313
578,colac,-38.3333,143.5833,63.09,59,0,8.12,AU,1676068380
579,acarau,-2.8856,-40.12,80.22,82,54,15.37,BR,1676068244
580,atambua,-9.1061,124.8925,75.63,89,99,3.71,ID,1676068381
581,tono,39.3167,141.5333,29.07,88,51,5.08,JP,1676068381
582,bereda,43.2686,-7.5406,38.41,97,5,1.25,ES,1676068382
583,uray,60.1247,64.7758,18.09,93,75,11.03,RU,1676068349
584,panaba,21.2833,-88.2667,86.11,41,10,13.06,MX,1676068383
585,susanville,40.4163,-120.653,52.66,47,0,5.75,US,1676068102
586,chibombo,-14.6569,28.0706,65.16,97,100,1.52,ZM,1676068384
587,conde,-7.2597,-34.9075,80.06,78,0,10.36,BR,1676068385
588,oranjemund,-28.55,16.4333,64.89,94,5,4.25,NA,1676068385
589,noumea,-22.2763,166.4572,82.99,99,100,27.98,NC,1676068172
